{
  "v": "5.6.10",
  "fr": 60,
  "ip": 0,
  "op": 140,
  "w": 404,
  "h": 404,
  "nm": "Ã¥ÂÂÃ¦ÂÂ 2",
  "ddd": 0,
  "assets": [],
  "layers": [
    {
      "ddd": 0,
      "ind": 1,
      "ty": 4,
      "nm": "Ã§ÂÂµÃ¨Â¯Â",
      "sr": 1,
      "ks": {
        "o": { "a": 0, "k": 100, "ix": 11 },
        "r": {
          "a": 1,
          "k": [
            {
              "i": { "x": [0.833], "y": [0.833] },
              "o": { "x": [0.167], "y": [0.167] },
              "t": 0,
              "s": [0]
            },
            {
              "i": { "x": [0.833], "y": [0.833] },
              "o": { "x": [0.167], "y": [0.167] },
              "t": 4,
              "s": [-10]
            },
            {
              "i": { "x": [0.833], "y": [0.833] },
              "o": { "x": [0.167], "y": [0.167] },
              "t": 8,
              "s": [10]
            },
            {
              "i": { "x": [0.833], "y": [0.833] },
              "o": { "x": [0.167], "y": [0.167] },
              "t": 15,
              "s": [-10]
            },
            {
              "i": { "x": [0.833], "y": [0.833] },
              "o": { "x": [0.167], "y": [0.167] },
              "t": 23,
              "s": [10]
            },
            {
              "i": { "x": [0.833], "y": [0.833] },
              "o": { "x": [0.167], "y": [0.167] },
              "t": 31,
              "s": [-10]
            },
            {
              "i": { "x": [0.833], "y": [0.833] },
              "o": { "x": [0.167], "y": [0.167] },
              "t": 39,
              "s": [10]
            },
            {
              "i": { "x": [0.833], "y": [0.833] },
              "o": { "x": [0.167], "y": [0.167] },
              "t": 43,
              "s": [0]
            },
            {
              "i": { "x": [0.833], "y": [0.833] },
              "o": { "x": [0.167], "y": [0.167] },
              "t": 80,
              "s": [0]
            },
            {
              "i": { "x": [0.833], "y": [0.833] },
              "o": { "x": [0.167], "y": [0.167] },
              "t": 84,
              "s": [-10]
            },
            {
              "i": { "x": [0.833], "y": [0.833] },
              "o": { "x": [0.167], "y": [0.167] },
              "t": 88,
              "s": [10]
            },
            {
              "i": { "x": [0.833], "y": [0.833] },
              "o": { "x": [0.167], "y": [0.167] },
              "t": 95,
              "s": [-10]
            },
            {
              "i": { "x": [0.833], "y": [0.833] },
              "o": { "x": [0.167], "y": [0.167] },
              "t": 103,
              "s": [10]
            },
            {
              "i": { "x": [0.833], "y": [0.833] },
              "o": { "x": [0.167], "y": [0.167] },
              "t": 111,
              "s": [-10]
            },
            {
              "i": { "x": [0.833], "y": [0.833] },
              "o": { "x": [0.167], "y": [0.167] },
              "t": 119,
              "s": [10]
            },
            {
              "i": { "x": [0.833], "y": [0.833] },
              "o": { "x": [0.167], "y": [0.167] },
              "t": 123,
              "s": [0]
            },
            {
              "i": { "x": [0.833], "y": [0.833] },
              "o": { "x": [0.167], "y": [0.167] },
              "t": 139,
              "s": [0]
            },
            { "t": 142, "s": [10] }
          ],
          "ix": 10
        },
        "p": { "a": 0, "k": [202, 202, 0], "ix": 2 },
        "a": { "a": 0, "k": [34, 34, 0], "ix": 1 },
        "s": { "a": 0, "k": [167.647, 167.647, 100], "ix": 6 }
      },
      "ao": 0,
      "shapes": [
        {
          "ty": "gr",
          "it": [
            {
              "ind": 0,
              "ty": "sh",
              "ix": 1,
              "ks": {
                "a": 0,
                "k": {
                  "i": [
                    [0, 0],
                    [0, 0],
                    [0.345, 0.41],
                    [0, 0],
                    [0.464, -0.331],
                    [0.013, -0.009],
                    [0, 0],
                    [-6.231, -6.121],
                    [-1.371, 1.37],
                    [0, 0],
                    [0, 0],
                    [0.407, 0.388],
                    [0.057, 0.002],
                    [0, 0],
                    [0, 0],
                    [0.355, -0.397],
                    [0, 0],
                    [0.426, 0.203],
                    [1.843, 1.838],
                    [1.246, 2.286],
                    [-0.33, 0.336],
                    [0, 0]
                  ],
                  "o": [
                    [0, 0],
                    [0.4, -0.355],
                    [0, 0],
                    [-0.331, -0.465],
                    [-0.013, 0.01],
                    [0, 0],
                    [-1.372, 1.37],
                    [6.231, 6.12],
                    [0, 0],
                    [0, 0],
                    [0.388, -0.407],
                    [0.001, -0.057],
                    [0, 0],
                    [0, 0],
                    [-0.413, -0.337],
                    [0, 0],
                    [-0.336, 0.328],
                    [-2.283, -1.248],
                    [-1.838, -1.842],
                    [-0.203, -0.424],
                    [0, 0],
                    [0, 0]
                  ],
                  "v": [
                    [-4.383, -7.643],
                    [-4.383, -7.643],
                    [-4.283, -9.016],
                    [-7.547, -13.13],
                    [-8.988, -13.372],
                    [-9.027, -13.342],
                    [-11.979, -10.387],
                    [-3.743, 3.751],
                    [10.393, 11.982],
                    [13.242, 9.133],
                    [13.276, 9.098],
                    [13.242, 7.658],
                    [13.142, 7.551],
                    [13.137, 7.551],
                    [9.021, 4.176],
                    [7.649, 4.283],
                    [5.223, 6.71],
                    [3.955, 6.921],
                    [-2.267, 2.268],
                    [-6.918, -3.954],
                    [-6.708, -5.221],
                    [-4.383, -7.648]
                  ],
                  "c": true
                },
                "ix": 2
              },
              "nm": "Ã¨Â·Â¯Ã¥Â¾Â 1",
              "mn": "ADBE Vector Shape - Group",
              "hd": false
            },
            {
              "ind": 1,
              "ty": "sh",
              "ix": 2,
              "ks": {
                "a": 0,
                "k": {
                  "i": [
                    [0, 0],
                    [0, 0],
                    [0.034, 0.55],
                    [-0.003, 0.041],
                    [2.33, 0.004],
                    [0.033, 0.55],
                    [-0.003, 0.041],
                    [-0.549, 0.033],
                    [-0.04, -0.003],
                    [-0.011, -3.497],
                    [0.549, -0.035],
                    [0.041, 0.002]
                  ],
                  "o": [
                    [0, 0],
                    [-0.55, 0.034],
                    [-0.003, -0.041],
                    [-0.005, -2.328],
                    [-0.548, 0.033],
                    [-0.003, -0.041],
                    [-0.033, -0.55],
                    [0.04, -0.003],
                    [3.497, 0.004],
                    [0.033, 0.55],
                    [-0.04, 0.002],
                    [0, 0]
                  ],
                  "v": [
                    [8.272, -1.415],
                    [8.272, -1.415],
                    [7.215, -2.35],
                    [7.215, -2.473],
                    [2.995, -6.691],
                    [1.94, -7.626],
                    [1.94, -7.749],
                    [2.874, -8.803],
                    [2.995, -8.803],
                    [9.338, -2.473],
                    [8.405, -1.415],
                    [8.283, -1.415]
                  ],
                  "c": true
                },
                "ix": 2
              },
              "nm": "Ã¨Â·Â¯Ã¥Â¾Â 2",
              "mn": "ADBE Vector Shape - Group",
              "hd": false
            },
            {
              "ind": 2,
              "ty": "sh",
              "ix": 3,
              "ks": {
                "a": 0,
                "k": {
                  "i": [
                    [0.041, 0.002],
                    [0, 0],
                    [0.033, 0.55],
                    [-0.003, 0.041],
                    [4.655, 0.018],
                    [0.034, 0.549],
                    [-0.002, 0.042],
                    [-0.549, 0.033],
                    [-0.04, -0.003],
                    [-0.017, -5.82],
                    [0.548, -0.035]
                  ],
                  "o": [
                    [0, 0],
                    [-0.548, 0.034],
                    [-0.003, -0.041],
                    [-0.018, -4.654],
                    [-0.549, 0.034],
                    [-0.002, -0.041],
                    [-0.033, -0.549],
                    [0.041, -0.003],
                    [5.82, 0.018],
                    [0.034, 0.55],
                    [-0.041, 0.002]
                  ],
                  "v": [
                    [12.493, -1.415],
                    [12.493, -1.415],
                    [11.438, -2.35],
                    [11.438, -2.473],
                    [2.997, -10.913],
                    [1.941, -11.846],
                    [1.941, -11.971],
                    [2.875, -13.025],
                    [2.997, -13.025],
                    [13.548, -2.473],
                    [12.616, -1.415]
                  ],
                  "c": true
                },
                "ix": 2
              },
              "nm": "Ã¨Â·Â¯Ã¥Â¾Â 3",
              "mn": "ADBE Vector Shape - Group",
              "hd": false
            },
            {
              "ind": 3,
              "ty": "sh",
              "ix": 4,
              "ks": {
                "a": 0,
                "k": {
                  "i": [
                    [0, 0],
                    [0, 0],
                    [1.048, 1.244],
                    [0, 0],
                    [1.374, -1.067],
                    [0.041, -0.024],
                    [0, -0.066],
                    [0, 0],
                    [-7.068, -7.065],
                    [-2.744, 2.637],
                    [0, 0],
                    [1.163, 1.223],
                    [0.037, 0.035],
                    [0, 0],
                    [0, 0],
                    [1.131, -1.168],
                    [0, 0],
                    [1.531, 1.497],
                    [1.095, 1.837]
                  ],
                  "o": [
                    [0, 0],
                    [1.167, -1.133],
                    [0, 0],
                    [-1.083, -1.36],
                    [-0.033, 0.033],
                    [-0.054, 0.035],
                    [0, 0],
                    [-2.744, 2.745],
                    [7.067, 7.065],
                    [0, 0],
                    [1.223, -1.164],
                    [-0.035, -0.037],
                    [0, 0],
                    [0, 0],
                    [-1.244, -1.049],
                    [0, 0],
                    [-1.84, -1.096],
                    [-1.496, -1.528],
                    [0, 0]
                  ],
                  "v": [
                    [-2.8, -6.167],
                    [-2.8, -6.167],
                    [-2.587, -10.387],
                    [-5.858, -14.501],
                    [-10.29, -15.032],
                    [-10.403, -14.945],
                    [-10.499, -14.82],
                    [-13.347, -11.971],
                    [-5.117, 5.229],
                    [11.972, 13.462],
                    [14.82, 10.613],
                    [14.928, 6.288],
                    [14.82, 6.18],
                    [14.61, 5.969],
                    [10.5, 2.697],
                    [6.282, 2.911],
                    [4.488, 4.704],
                    [-0.586, 0.799],
                    [-4.487, -4.266]
                  ],
                  "c": true
                },
                "ix": 2
              },
              "nm": "Ã¨Â·Â¯Ã¥Â¾Â 4",
              "mn": "ADBE Vector Shape - Group",
              "hd": false
            },
            {
              "ty": "mm",
              "mm": 1,
              "nm": "Ã¥ÂÂÃ¥Â¹Â¶Ã¨Â·Â¯Ã¥Â¾Â 1",
              "mn": "ADBE Vector Filter - Merge",
              "hd": false
            },
            {
              "ty": "fl",
              "c": { "a": 0, "k": [1, 1, 1, 1], "ix": 4 },
              "o": { "a": 0, "k": 100, "ix": 5 },
              "r": 1,
              "bm": 0,
              "nm": "Ã¥Â¡Â«Ã¥ÂÂ 1",
              "mn": "ADBE Vector Graphic - Fill",
              "hd": false
            },
            {
              "ty": "tr",
              "p": { "a": 0, "k": [33.23, 34.699], "ix": 2 },
              "a": { "a": 0, "k": [0, 0], "ix": 1 },
              "s": { "a": 0, "k": [100, 100], "ix": 3 },
              "r": { "a": 0, "k": 0, "ix": 6 },
              "o": { "a": 0, "k": 100, "ix": 7 },
              "sk": { "a": 0, "k": 0, "ix": 4 },
              "sa": { "a": 0, "k": 0, "ix": 5 },
              "nm": "Ã¥ÂÂÃ¦ÂÂ¢"
            }
          ],
          "nm": "Ã§Â»Â 1",
          "np": 8,
          "cix": 2,
          "bm": 0,
          "ix": 1,
          "mn": "ADBE Vector Group",
          "hd": false
        },
        {
          "ty": "gr",
          "it": [
            {
              "ind": 0,
              "ty": "sh",
              "ix": 1,
              "ks": {
                "a": 0,
                "k": {
                  "i": [
                    [-18.778, 0],
                    [0, 0],
                    [0, -18.778],
                    [18.777, 0],
                    [0, 18.777]
                  ],
                  "o": [
                    [0, 0],
                    [18.777, 0],
                    [0, 18.777],
                    [-18.778, 0],
                    [0, -18.778]
                  ],
                  "v": [
                    [0, -34],
                    [0, -34],
                    [34, 0],
                    [0, 34],
                    [-34, 0]
                  ],
                  "c": true
                },
                "ix": 2
              },
              "nm": "Ã¨Â·Â¯Ã¥Â¾Â 1",
              "mn": "ADBE Vector Shape - Group",
              "hd": false
            },
            {
              "ty": "fl",
              "c": { "a": 0, "k": [0.5255, 0.7529, 0.3569, 1], "ix": 4 },
              "o": { "a": 0, "k": 100, "ix": 5 },
              "r": 1,
              "bm": 0,
              "nm": "Ã¥Â¡Â«Ã¥ÂÂ 1",
              "mn": "ADBE Vector Graphic - Fill",
              "hd": false
            },
            {
              "ty": "tr",
              "p": { "a": 0, "k": [34, 34], "ix": 2 },
              "a": { "a": 0, "k": [0, 0], "ix": 1 },
              "s": { "a": 0, "k": [100, 100], "ix": 3 },
              "r": { "a": 0, "k": 0, "ix": 6 },
              "o": { "a": 0, "k": 100, "ix": 7 },
              "sk": { "a": 0, "k": 0, "ix": 4 },
              "sa": { "a": 0, "k": 0, "ix": 5 },
              "nm": "Ã¥ÂÂÃ¦ÂÂ¢"
            }
          ],
          "nm": "Ã§Â»Â 2",
          "np": 4,
          "cix": 2,
          "bm": 0,
          "ix": 2,
          "mn": "ADBE Vector Group",
          "hd": false
        }
      ],
      "ip": 0,
      "op": 145,
      "st": 0,
      "bm": 0
    },
    {
      "ddd": 0,
      "ind": 2,
      "ty": 4,
      "nm": "Ã¥Â½Â¢Ã§ÂÂ¶Ã¥ÂÂ¾Ã¥Â±Â 2",
      "sr": 1,
      "ks": {
        "o": {
          "a": 1,
          "k": [
            {
              "i": { "x": [0.833], "y": [0.833] },
              "o": { "x": [0.167], "y": [0.167] },
              "t": 0,
              "s": [100]
            },
            { "t": 90, "s": [0] }
          ],
          "ix": 11
        },
        "r": { "a": 0, "k": 0, "ix": 10 },
        "p": { "a": 0, "k": [203.123, 202.755, 0], "ix": 2 },
        "a": { "a": 0, "k": [0, 0, 0], "ix": 1 },
        "s": {
          "a": 1,
          "k": [
            {
              "i": { "x": [0.833, 0.833, 0.833], "y": [0.833, 0.833, 0.833] },
              "o": { "x": [0.167, 0.167, 0.167], "y": [0.167, 0.167, 0.167] },
              "t": 0,
              "s": [56.098, 56.098, 100]
            },
            { "t": 90, "s": [206.762, 206.762, 100] }
          ],
          "ix": 6
        }
      },
      "ao": 0,
      "shapes": [
        {
          "ty": "gr",
          "it": [
            {
              "d": 1,
              "ty": "el",
              "s": { "a": 0, "k": [141.23, 141.23], "ix": 2 },
              "p": { "a": 0, "k": [0, 0], "ix": 3 },
              "nm": "Ã¦Â¤Â­Ã¥ÂÂÃ¨Â·Â¯Ã¥Â¾Â 1",
              "mn": "ADBE Vector Shape - Ellipse",
              "hd": false
            },
            {
              "ty": "fl",
              "c": { "a": 0, "k": [0.5255, 0.7529, 0.3569, 1], "ix": 4 },
              "o": { "a": 0, "k": 30, "ix": 5 },
              "r": 1,
              "bm": 0,
              "nm": "Ã¥Â¡Â«Ã¥ÂÂ 1",
              "mn": "ADBE Vector Graphic - Fill",
              "hd": false
            },
            {
              "ty": "tr",
              "p": { "a": 0, "k": [-2.002, -1.346], "ix": 2 },
              "a": { "a": 0, "k": [0, 0], "ix": 1 },
              "s": { "a": 0, "k": [133.443, 133.443], "ix": 3 },
              "r": { "a": 0, "k": 0, "ix": 6 },
              "o": { "a": 0, "k": 100, "ix": 7 },
              "sk": { "a": 0, "k": 0, "ix": 4 },
              "sa": { "a": 0, "k": 0, "ix": 5 },
              "nm": "Ã¥ÂÂÃ¦ÂÂ¢"
            }
          ],
          "nm": "Ã¦Â¤Â­Ã¥ÂÂ 1",
          "np": 3,
          "cix": 2,
          "bm": 0,
          "ix": 1,
          "mn": "ADBE Vector Group",
          "hd": false
        }
      ],
      "ip": 0,
      "op": 145,
      "st": 0,
      "bm": 0
    },
    {
      "ddd": 0,
      "ind": 3,
      "ty": 4,
      "nm": "Ã¥Â½Â¢Ã§ÂÂ¶Ã¥ÂÂ¾Ã¥Â±Â 3",
      "sr": 1,
      "ks": {
        "o": {
          "a": 1,
          "k": [
            {
              "i": { "x": [0.833], "y": [0.833] },
              "o": { "x": [0.167], "y": [0.167] },
              "t": 30,
              "s": [100]
            },
            { "t": 120, "s": [0] }
          ],
          "ix": 11
        },
        "r": { "a": 0, "k": 0, "ix": 10 },
        "p": { "a": 0, "k": [203.123, 202.755, 0], "ix": 2 },
        "a": { "a": 0, "k": [0, 0, 0], "ix": 1 },
        "s": {
          "a": 1,
          "k": [
            {
              "i": { "x": [0.833, 0.833, 0.833], "y": [0.833, 0.833, 0.833] },
              "o": { "x": [0.167, 0.167, 0.167], "y": [0.167, 0.167, 0.167] },
              "t": 30,
              "s": [56.098, 56.098, 100]
            },
            { "t": 120, "s": [206.762, 206.762, 100] }
          ],
          "ix": 6
        }
      },
      "ao": 0,
      "shapes": [
        {
          "ty": "gr",
          "it": [
            {
              "d": 1,
              "ty": "el",
              "s": { "a": 0, "k": [141.23, 141.23], "ix": 2 },
              "p": { "a": 0, "k": [0, 0], "ix": 3 },
              "nm": "Ã¦Â¤Â­Ã¥ÂÂÃ¨Â·Â¯Ã¥Â¾Â 1",
              "mn": "ADBE Vector Shape - Ellipse",
              "hd": false
            },
            {
              "ty": "fl",
              "c": { "a": 0, "k": [0.5255, 0.7529, 0.3569, 1], "ix": 4 },
              "o": { "a": 0, "k": 30, "ix": 5 },
              "r": 1,
              "bm": 0,
              "nm": "Ã¥Â¡Â«Ã¥ÂÂ 1",
              "mn": "ADBE Vector Graphic - Fill",
              "hd": false
            },
            {
              "ty": "tr",
              "p": { "a": 0, "k": [-2.002, -1.346], "ix": 2 },
              "a": { "a": 0, "k": [0, 0], "ix": 1 },
              "s": { "a": 0, "k": [133.443, 133.443], "ix": 3 },
              "r": { "a": 0, "k": 0, "ix": 6 },
              "o": { "a": 0, "k": 100, "ix": 7 },
              "sk": { "a": 0, "k": 0, "ix": 4 },
              "sa": { "a": 0, "k": 0, "ix": 5 },
              "nm": "Ã¥ÂÂÃ¦ÂÂ¢"
            }
          ],
          "nm": "Ã¦Â¤Â­Ã¥ÂÂ 1",
          "np": 3,
          "cix": 2,
          "bm": 0,
          "ix": 1,
          "mn": "ADBE Vector Group",
          "hd": false
        }
      ],
      "ip": 0,
      "op": 145,
      "st": 0,
      "bm": 0
    },
    {
      "ddd": 0,
      "ind": 4,
      "ty": 4,
      "nm": "Ã¥Â½Â¢Ã§ÂÂ¶Ã¥ÂÂ¾Ã¥Â±Â 1",
      "sr": 1,
      "ks": {
        "o": {
          "a": 1,
          "k": [
            {
              "i": { "x": [0.833], "y": [0.833] },
              "o": { "x": [0.167], "y": [0.167] },
              "t": 60,
              "s": [100]
            },
            { "t": 140, "s": [0] }
          ],
          "ix": 11
        },
        "r": { "a": 0, "k": 0, "ix": 10 },
        "p": { "a": 0, "k": [203.123, 202.755, 0], "ix": 2 },
        "a": { "a": 0, "k": [0, 0, 0], "ix": 1 },
        "s": {
          "a": 1,
          "k": [
            {
              "i": { "x": [0.833, 0.833, 0.833], "y": [0.833, 0.833, 0.833] },
              "o": { "x": [0.167, 0.167, 0.167], "y": [0.167, 0.167, 0.167] },
              "t": 60,
              "s": [56.098, 56.098, 100]
            },
            { "t": 140, "s": [206.762, 206.762, 100] }
          ],
          "ix": 6
        }
      },
      "ao": 0,
      "shapes": [
        {
          "ty": "gr",
          "it": [
            {
              "d": 1,
              "ty": "el",
              "s": { "a": 0, "k": [141.23, 141.23], "ix": 2 },
              "p": { "a": 0, "k": [0, 0], "ix": 3 },
              "nm": "Ã¦Â¤Â­Ã¥ÂÂÃ¨Â·Â¯Ã¥Â¾Â 1",
              "mn": "ADBE Vector Shape - Ellipse",
              "hd": false
            },
            {
              "ty": "fl",
              "c": { "a": 0, "k": [0.5255, 0.7529, 0.3569, 1], "ix": 4 },
              "o": { "a": 0, "k": 30, "ix": 5 },
              "r": 1,
              "bm": 0,
              "nm": "Ã¥Â¡Â«Ã¥ÂÂ 1",
              "mn": "ADBE Vector Graphic - Fill",
              "hd": false
            },
            {
              "ty": "tr",
              "p": { "a": 0, "k": [-2.002, -1.346], "ix": 2 },
              "a": { "a": 0, "k": [0, 0], "ix": 1 },
              "s": { "a": 0, "k": [133.443, 133.443], "ix": 3 },
              "r": { "a": 0, "k": 0, "ix": 6 },
              "o": { "a": 0, "k": 100, "ix": 7 },
              "sk": { "a": 0, "k": 0, "ix": 4 },
              "sa": { "a": 0, "k": 0, "ix": 5 },
              "nm": "Ã¥ÂÂÃ¦ÂÂ¢"
            }
          ],
          "nm": "Ã¦Â¤Â­Ã¥ÂÂ 1",
          "np": 3,
          "cix": 2,
          "bm": 0,
          "ix": 1,
          "mn": "ADBE Vector Group",
          "hd": false
        }
      ],
      "ip": 0,
      "op": 145,
      "st": 0,
      "bm": 0
    }
  ],
  "markers": []
}
